{"global_step": 7498, "_timestamp": 1680526354.36034, "train_time": 39119760.0, "train_learning_rate": 1.947368446053588e-06, "train_loss": 0.4437219798564911, "eval_loss": 1.0220991373062134, "eval_wer": 12.941534996032715, "eval_cer": 5.306122303009033, "_runtime": 8365.916498184204, "_step": 29996}